0,1
PNL,Moha La Squale
PNL,Hamza
PNL,Maes
PNL,Laylow
PNL,13 Block
PNL,GLK
PNL,Jok'air
PNL,Siboy
PNL,Kalash Criminel
PNL,Kekra
PNL,DTF
PNL,Hornet La Frappe
PNL,PRIME
PNL,Heuss L'enfoiré
PNL,Dinos
PNL,Niska
PNL,Zola
PNL,Josman
PNL,Ninho
PNL,Gradur
Damso,13 Block
Damso,Kekra
Damso,Kalash Criminel
Damso,Laylow
Damso,Gradur
Damso,Hamza
Damso,Jok'air
Damso,PRIME
Damso,Josman
Damso,Sneazzy
Damso,Alpha Wann
Damso,Lefa
Damso,Lorenzo
Damso,Luidji
Damso,S.Pri Noir
Damso,Nekfeu
Damso,Mister V
Damso,Siboy
Damso,Vald
Damso,Ateyaba
Drake,Big Sean
Drake,J. Cole
Drake,Wale
Drake,Jeremih
Drake,Meek Mill
Drake,Rick Ross
Drake,DJ Khaled
Drake,2 Chainz
Drake,PARTYNEXTDOOR
Drake,French Montana
Drake,Tory Lanez
Drake,Bryson Tiller
Drake,Young Thug
Drake,Tyga
Drake,Ty Dolla $ign
Drake,Lil Wayne
Drake,Metro Boomin
Drake,Kendrick Lamar
Drake,Miguel
Drake,6LACK
GIMS,KeBlack
GIMS,Black M
GIMS,Sexion D'Assaut
GIMS,Alonzo
GIMS,Lefa
GIMS,Rohff
GIMS,Diam's
GIMS,Mister You
GIMS,Soprano
GIMS,Medine
GIMS,Still Fresh
GIMS,L'Algérino
GIMS,Rim'K
GIMS,RIDSA
GIMS,Mac Tyer
GIMS,La Fouine
GIMS,Kery James
GIMS,Sofiane
GIMS,Youssoupha
GIMS,Vitaa
Dieudonne,Michel Muller
Dieudonne,Jacques Mailhot
Dieudonne,Jamel Debbouze
Dieudonne,Franck Dubosc
Dieudonne,Pierre Palmade
Dieudonne,Bruno Salomone
Dieudonne,Anthony Kavanagh
Dieudonne,Christian Clavier
Dieudonne,Raymond Devos
Dieudonne,Daniel Prévost
Dieudonne,Patrick Timsit
Dieudonne,Guy Bedos
Dieudonne,Bigard
Dieudonne,Laurent Gerra
Dieudonne,Michel Leeb
Dieudonne,Muriel Robin
Dieudonne,Scred Connexion
Dieudonne,White & Spirit
Dieudonne,La Cliqua
Dieudonne,Sully Sefil
The Weeknd,Frank Ocean
The Weeknd,A$AP Rocky
The Weeknd,PARTYNEXTDOOR
The Weeknd,Childish Gambino
The Weeknd,Miguel
The Weeknd,Kendrick Lamar
The Weeknd,Jeremih
The Weeknd,Big Sean
The Weeknd,Bryson Tiller
The Weeknd,Majid Jordan
The Weeknd,6LACK
The Weeknd,dvsn
The Weeknd,Roy Woods
The Weeknd,"Tyler, The Creator"
The Weeknd,Jhené Aiko
The Weeknd,DJ Khaled
The Weeknd,French Montana
The Weeknd,ScHoolboy Q
The Weeknd,Jaden
The Weeknd,Wale
Soolking,YL
Soolking,MMZ
Soolking,Bramsito
Soolking,Naps
Soolking,Vegedream
Soolking,Scridge
Soolking,Maes
Soolking,Gradur
Soolking,Niska
Soolking,Heuss L'enfoiré
Soolking,L'Algérino
Soolking,Lyna Mahyem
Soolking,Mister You
Soolking,GLK
Soolking,Lartiste
Soolking,Hayce Lemsi
Soolking,Marwa Loud
Soolking,DJ Hamida
Soolking,DJ Kayz
Soolking,Sadek
ROSALÍA,Mala Rodríguez
ROSALÍA,DELLAFUENTE
ROSALÍA,C. Tangana
ROSALÍA,Paloma Mami
ROSALÍA,Ms Nina
ROSALÍA,Bad Gyal
ROSALÍA,Nathy Peluso
ROSALÍA,Tomasa del Real
ROSALÍA,La Zowi
ROSALÍA,Cruz Cafuné
ROSALÍA,Lele Pons
ROSALÍA,Yung Beef
ROSALÍA,Maikel Delacalle
ROSALÍA,Gianluca
ROSALÍA,Lola Indigo
ROSALÍA,Princesa Alba
ROSALÍA,Don Patricio
ROSALÍA,Bea Pelea
ROSALÍA,Chocolate Remix
ROSALÍA,Talisto
Tinariwen,Boubacar Traoré
Tinariwen,Ali Farka Touré
Tinariwen,Orchestra Baobab
Tinariwen,Vieux Farka Touré
Tinariwen,Toumani Diabaté
Tinariwen,Cheikh Lô
Tinariwen,Rokia Traoré
Tinariwen,Etran Finatawa
Tinariwen,Amadou & Mariam
Tinariwen,Imarhan
Tinariwen,Terakaft
Tinariwen,Afel Bocoum
Tinariwen,Songhoy Blues
Tinariwen,Bassekou Kouyate
Tinariwen,Tamikrest
Tinariwen,Habib Koité
Tinariwen,Oumou Sangaré
Tinariwen,Ballaké Sissoko
Tinariwen,Salif Keita
Tinariwen,Geoffrey Oryema
Post Malone,Rae Sremmurd
Post Malone,Huncho Jack
Post Malone,Quality Control
Post Malone,Tyla Yaweh
Post Malone,6LACK
Post Malone,Metro Boomin
Post Malone,Migos
Post Malone,NAV
Post Malone,Quavo
Post Malone,Young Thug
Post Malone,A$AP Ferg
Post Malone,Fetty Wap
Post Malone,Desiigner
Post Malone,Bryce Vine
Post Malone,Bazzi
Post Malone,Trippie Redd
Post Malone,Jaden
Post Malone,Big Sean
Post Malone,G-Eazy
Post Malone,French Montana
Travis Scott,A$AP Rocky
Travis Scott,Chief Keef
Travis Scott,KIDS SEE GHOSTS
Travis Scott,Joey Bada$$
Travis Scott,A$AP Ferg
Travis Scott,Playboi Carti
Travis Scott,Pusha T
Travis Scott,Huncho Jack
Travis Scott,Kendrick Lamar
Travis Scott,A$AP Mob
Travis Scott,Metro Boomin
Travis Scott,Meek Mill
Travis Scott,Chance the Rapper
Travis Scott,Migos
Travis Scott,Lil Uzi Vert
Travis Scott,ScHoolboy Q
Travis Scott,Kodak Black
Travis Scott,Quavo
Travis Scott,Childish Gambino
Travis Scott,Flatbush Zombies
C. Tangana,Agorazein
C. Tangana,Costa
C. Tangana,CeErre
C. Tangana,Suite Soprano
C. Tangana,Jerv.AGZ
C. Tangana,Los Chikos del Maiz
C. Tangana,Nethone
C. Tangana,Manu Beats
C. Tangana,Charly Efe
C. Tangana,Juancho Marqués
C. Tangana,Recycled J
C. Tangana,Kase.O
C. Tangana,Carmona
C. Tangana,Acqua Toffana
C. Tangana,Lágrimas De Sangre
C. Tangana,Black Caesar
C. Tangana,Arufe
C. Tangana,Kael Toffana
C. Tangana,Rase
C. Tangana,DELLAFUENTE
Polo & Pan,Papooz
Polo & Pan,Lewis OfMan
Polo & Pan,Bleu Toucan
Polo & Pan,Kazy Lambist
Polo & Pan,Agar Agar
Polo & Pan,Vendredi sur Mer
Polo & Pan,Her
Polo & Pan,Pépite
Polo & Pan,Claire Laffut
Polo & Pan,Flavien Berger
Polo & Pan,French 79
Polo & Pan,L'Impératrice
Polo & Pan,Juniore
Polo & Pan,Fellini Félin
Polo & Pan,The Blaze
Polo & Pan,Muddy Monk
Polo & Pan,Møme
Polo & Pan,Fakear
Polo & Pan,Voyou
Polo & Pan,Alice et Moi
L'Algérino,Mister You
L'Algérino,Kamelancien
L'Algérino,Psy 4 De La Rime
L'Algérino,Alonzo
L'Algérino,Rim'K
L'Algérino,Rohff
L'Algérino,Sefyu
L'Algérino,Mac Tyer
L'Algérino,Sinik
L'Algérino,Lim
L'Algérino,Kenza Farah
L'Algérino,El Matador
L'Algérino,Soprano
L'Algérino,La Fouine
L'Algérino,Salif
L'Algérino,Medine
L'Algérino,Kery James
L'Algérino,SNIPER
L'Algérino,Nessbeal
Metro Boomin,Quavo
Metro Boomin,Don Toliver
Metro Boomin,Turbo
Metro Boomin,Takeoff
Metro Boomin,Sheck Wes
Metro Boomin,Huncho Jack
Metro Boomin,NAV
Metro Boomin,21 Savage
Metro Boomin,Gunna
Metro Boomin,Lil Keed
Metro Boomin,Young Thug
Metro Boomin,Young Nudy
Metro Boomin,SahBabii
Metro Boomin,Kodak Black
Metro Boomin,88GLAM
Metro Boomin,Lil Uzi Vert
Metro Boomin,Lil Yachty
Metro Boomin,Playboi Carti
Metro Boomin,Migos
Metro Boomin,Lil Baby
Bad Bunny,Lunay
Bad Bunny,Nio Garcia
Bad Bunny,Mau y Ricky
Bad Bunny,Anuel AA
Bad Bunny,KAROL G
Bad Bunny,Chris Jedi
Bad Bunny,Ozuna
Bad Bunny,Brytiago
Bad Bunny,Bryant Myers
Bad Bunny,Rauw Alejandro
Bad Bunny,Myke Towers
Bad Bunny,Tainy
Bad Bunny,Rvssian
Bad Bunny,Miky Woodz
Bad Bunny,Lary Over
Bad Bunny,Danny Ocean
Bad Bunny,Alex Rose
Bad Bunny,Jon Z
Bad Bunny,Kevin Roldan
Bad Bunny,El Alfa
Kygo,Martin Jensen
Kygo,Mike Perry
Kygo,Sigala
Kygo,Cheat Codes
Kygo,Lost Frequencies
Kygo,Jonas Blue
Kygo,Felix Jaehn
Kygo,Seeb
Kygo,Loud Luxury
Kygo,Sam Feldt
Kygo,Gryffin
Kygo,Matoma
Kygo,Kungs
Kygo,Klingande
Kygo,Jax Jones
Kygo,Galantis
Kygo,Lucas Estrada
Kygo,Robin Schulz
Kygo,GAMPER & DADONI
Kygo,The Chainsmokers
Lomepal,Sneazzy
Lomepal,Jazzy Bazz
Lomepal,KIKESA
Lomepal,Swing
Lomepal,L'Or du Commun
Lomepal,Rilès
Lomepal,Spider ZED
Lomepal,Roméo Elvis
Lomepal,Caballero & JeanJass
Lomepal,Alpha Wann
Lomepal,Lord Esperanza
Lomepal,Bigflo & Oli
Lomepal,Deen Burbigo
Lomepal,Columbine
Lomepal,Casseurs Flowters
Lomepal,Lonepsi
Lomepal,A2h
Lomepal,Lorenzo
Lomepal,Nekfeu
Lomepal,Krisy
Eminem,D12
Eminem,The Game
Eminem,Bad Meets Evil
Eminem,Hopsin
Eminem,Yelawolf
Eminem,DMX
Eminem,Tech N9ne
Eminem,50 Cent
Eminem,Dr. Dre
Eminem,Xzibit
Eminem,G-Unit
Eminem,Obie Trice
Eminem,T.I.
Eminem,Ice Cube
Eminem,Ludacris
Eminem,Snoop Dogg
Eminem,N.W.A.
Eminem,B.o.B
Eminem,The Notorious B.I.G.
Eminem,Joyner Lucas
Charles Aznavour,Serge Reggiani
Charles Aznavour,Gilbert Bécaud
Charles Aznavour,Alain Barrière
Charles Aznavour,Jean Ferrat
Charles Aznavour,Julien Clerc
Charles Aznavour,Serge Lama
Charles Aznavour,Michel Delpech
Charles Aznavour,Joe Dassin
Charles Aznavour,Yves Montand
Charles Aznavour,Jacques Brel
Charles Aznavour,Georges Moustaki
Charles Aznavour,Eddy Mitchell
Charles Aznavour,Dalida
Charles Aznavour,Charles Trenet
Charles Aznavour,Barbara
Charles Aznavour,Claude François
Charles Aznavour,Hervé Vilard
Charles Aznavour,Daniel Guichard
Charles Aznavour,Henri Salvador
Charles Aznavour,Christophe
NTO,Joachim Pastor
NTO,Oliver Schories
NTO,Worakls
NTO,Joris Delacroix
NTO,Solee
NTO,Ron Flatter
NTO,AKA AKA
NTO,Alec Troniq
NTO,Stephan Bodzin
NTO,Extrawelt
NTO,Einmusik
NTO,Nils Hoffmann
NTO,Kölsch
NTO,Jan Blomqvist
NTO,Kollektiv Turmstrasse
NTO,Oliver Koletzki
NTO,Teho
NTO,Andhim
NTO,Rone
NTO,Dusty Kid
Boostee,Black M
Boostee,Kendji Girac
Boostee,Tibz
Boostee,KeBlack
Boostee,Souf
Boostee,RIDSA
Boostee,Fréro Delavega
Boostee,TAL
Boostee,Slimane
Boostee,Keen' V
Boostee,Arcadian
Boostee,Team BS
Boostee,Sound Of Legend
Boostee,Therapie TAXI
Boostee,Bigflo & Oli
Boostee,Boulevard des Airs
Boostee,QQUN
Boostee,JOYCA
Boostee,VSO
Boostee,2TH
Billie Eilish,Lorde
Billie Eilish,King Princess
Billie Eilish,Melanie Martinez
Billie Eilish,Troye Sivan
Billie Eilish,Halsey
Billie Eilish,girl in red
Billie Eilish,Julia Michaels
Billie Eilish,Alessia Cara
Billie Eilish,Bea Miller
Billie Eilish,Madison Beer
Billie Eilish,FINNEAS
Billie Eilish,Bazzi
Billie Eilish,Conan Gray
Billie Eilish,Harry Styles
Billie Eilish,Labrinth
Billie Eilish,Tate McRae
Billie Eilish,Olivia O'Brien
Billie Eilish,MARINA
Billie Eilish,Cavetown
Billie Eilish,Alec Benjamin
Migos,Lil Keed
Migos,Lil Yachty
Migos,YG
Migos,Rae Sremmurd
Migos,Huncho Jack
Migos,Quality Control
Migos,88GLAM
Migos,Lil Uzi Vert
Migos,Young Thug
Migos,Metro Boomin
Migos,21 Savage
Migos,Mike WiLL Made-It
Migos,A$AP Ferg
Migos,Kodak Black
Migos,Takeoff
Migos,NAV
Migos,Bobby Shmurda
Migos,Desiigner
Migos,Quavo
Migos,Lil Baby
RIDSA,Kenza Farah
RIDSA,TAL
RIDSA,Kendji Girac
RIDSA,Zaho
RIDSA,Keen' V
RIDSA,KeBlack
RIDSA,Diam's
RIDSA,Slimane
RIDSA,Soprano
RIDSA,Jena Lee
RIDSA,Léa Castel
RIDSA,Black M
RIDSA,Team BS
RIDSA,L'Algérino
RIDSA,Sheryfa Luna
RIDSA,Shy'm
RIDSA,Arcadian
RIDSA,Dadju
RIDSA,Tragédie
RIDSA,Colonel Reyel
Habib Belk,Hamid El Kasri
Habib Belk,D33pSoul
Habib Belk,Dub Afrika
Habib Belk,Mr. ID
Habib Belk,Ahmed Soultan
Habib Belk,Nabyla Maan
Habib Belk,Zakaria Ghafouli
Habib Belk,Mehdi Mozayine
Habib Belk,Maestro
Habib Belk,Cravata
Habib Belk,Cameleon
Habib Belk,Fnaire
Habib Belk,Fehd Benchemsi
Habib Belk,Nass El Ghiwane
Habib Belk,Cheb
Habib Belk,Oum
Habib Belk,Hatim Ammor
Habib Belk,Tawsen
Habib Belk,Don Bigg
Habib Belk,Hoba Hoba Spirit
SAINt JHN,Amir Obe
SAINt JHN,Vory
SAINt JHN,Tyla Yaweh
SAINt JHN,88GLAM
SAINt JHN,Roy Woods
SAINt JHN,Anfa Rose
SAINt JHN,Reo Cragun
SAINt JHN,THEY.
SAINt JHN,GASHI
SAINt JHN,anders
SAINt JHN,Quality Control
SAINt JHN,NAV
SAINt JHN,Quavo
SAINt JHN,Swae Lee
SAINt JHN,KILLY
SAINt JHN,24hrs
SAINt JHN,FRVRFRIDAY
SAINt JHN,A.CHAL
SAINt JHN,Belly
SAINt JHN,Eli Sostre
XXXTENTACION,Smokepurpp
XXXTENTACION,Comethazine
XXXTENTACION,Cooliecut
XXXTENTACION,Lil Pump
XXXTENTACION,DJ Scheme
XXXTENTACION,YBN Nahmir
XXXTENTACION,Ugly God
XXXTENTACION,Trippie Redd
XXXTENTACION,Juice WRLD
XXXTENTACION,Craig Xen
XXXTENTACION,Lil Yachty
XXXTENTACION,Joey Trap
XXXTENTACION,Lil Tracy
XXXTENTACION,Famous Dex
XXXTENTACION,$NOT
XXXTENTACION,Lil Mosey
XXXTENTACION,Lil Uzi Vert
XXXTENTACION,iann dior
XXXTENTACION,Ski Mask The Slump God
XXXTENTACION,Blueface
Cheb Akil,Rachid Kasmi
Cheb Akil,Houari Manar
Cheb Akil,Cheb Azzedine
Cheb Akil,Cheb Abbes
Cheb Akil,Cheb Rayan
Cheb Akil,Cheba Kheira
Cheb Akil,Zahouania
Cheb Akil,Dj Youcef
Cheb Akil,Houari Dauphin
Cheb Akil,Statia
Cheb Akil,Cheb Faycal
Cheb Akil,Douzi
Cheb Akil,Mohamed Lamine
Cheb Akil,Khaldoun
Cheb Akil,Khalass
Cheb Akil,Bouarfa
Cheb Akil,Cheb Redouane
Cheb Akil,Hasni Sghir
Cheb Akil,Youness
Cheb Akil,Cheb Kacimo
Two Feet,MISSIO
Two Feet,Stephen
Two Feet,Adam Jensen
Two Feet,grandson
Two Feet,Bishop Briggs
Two Feet,Bryce Fox
Two Feet,TENDER
Two Feet,Jaymes Young
Two Feet,Black Atlass
Two Feet,NoMBe
Two Feet,Dennis Lloyd
Two Feet,Foreign Air
Two Feet,Barns Courtney
Two Feet,Seafret
Two Feet,SYML
Two Feet,Bohnes
Two Feet,Lewis Del Mar
Two Feet,Sam Tinnesz
Two Feet,Chase Atlantic
Two Feet,8 Graves
C. Tangana,Agorazein
C. Tangana,Costa
C. Tangana,CeErre
C. Tangana,Suite Soprano
C. Tangana,Jerv.AGZ
C. Tangana,Los Chikos del Maiz
C. Tangana,Nethone
C. Tangana,Manu Beats
C. Tangana,Charly Efe
C. Tangana,Juancho Marqués
C. Tangana,Recycled J
C. Tangana,Kase.O
C. Tangana,Carmona
C. Tangana,Acqua Toffana
C. Tangana,Lágrimas De Sangre
C. Tangana,Black Caesar
C. Tangana,Arufe
C. Tangana,Kael Toffana
C. Tangana,Rase
C. Tangana,DELLAFUENTE
Damso,13 Block
Damso,Kekra
Damso,Kalash Criminel
Damso,Laylow
Damso,Gradur
Damso,Hamza
Damso,Jok'air
Damso,PRIME
Damso,Josman
Damso,Sneazzy
Damso,Alpha Wann
Damso,Lefa
Damso,Lorenzo
Damso,Luidji
Damso,S.Pri Noir
Damso,Nekfeu
Damso,Mister V
Damso,Siboy
Damso,Vald
Damso,Ateyaba
PNL,Moha La Squale
PNL,Hamza
PNL,Maes
PNL,Laylow
PNL,13 Block
PNL,GLK
PNL,Jok'air
PNL,Siboy
PNL,Kalash Criminel
PNL,Kekra
PNL,DTF
PNL,Hornet La Frappe
PNL,PRIME
PNL,Heuss L'enfoiré
PNL,Dinos
PNL,Niska
PNL,Zola
PNL,Josman
PNL,Ninho
PNL,Gradur
Drake,Big Sean
Drake,J. Cole
Drake,Wale
Drake,Jeremih
Drake,Meek Mill
Drake,Rick Ross
Drake,DJ Khaled
Drake,2 Chainz
Drake,PARTYNEXTDOOR
Drake,French Montana
Drake,Tory Lanez
Drake,Bryson Tiller
Drake,Young Thug
Drake,Tyga
Drake,Ty Dolla $ign
Drake,Lil Wayne
Drake,Metro Boomin
Drake,Kendrick Lamar
Drake,Miguel
Drake,6LACK
Travis Scott,A$AP Rocky
Travis Scott,Chief Keef
Travis Scott,KIDS SEE GHOSTS
Travis Scott,Joey Bada$$
Travis Scott,A$AP Ferg
Travis Scott,Playboi Carti
Travis Scott,Pusha T
Travis Scott,Huncho Jack
Travis Scott,Kendrick Lamar
Travis Scott,A$AP Mob
Travis Scott,Metro Boomin
Travis Scott,Meek Mill
Travis Scott,Chance the Rapper
Travis Scott,Migos
Travis Scott,Lil Uzi Vert
Travis Scott,ScHoolboy Q
Travis Scott,Kodak Black
Travis Scott,Quavo
Travis Scott,Childish Gambino
Travis Scott,Flatbush Zombies
Rone,Agoria
Rone,Max Cooper
Rone,Dominik Eulberg
Rone,Joris Delacroix
Rone,Nathan Fake
Rone,Weval
Rone,Extrawelt
Rone,Arnaud Rebotini
Rone,Moderat
Rone,Pantha Du Prince
Rone,Teho
Rone,Apparat
Rone,NTO
Rone,Chapelier Fou
Rone,Vitalic
Rone,Sébastien Tellier
Rone,Christian Löffler
Rone,trentemøller
Rone,Kollektiv Turmstrasse
Rone,Isaac Delusion
Headie One,Nines
Headie One,Loski
Headie One,Rv
Headie One,K-Trap
Headie One,Tion Wayne
Headie One,Hardy Caprio
Headie One,JAY1
Headie One,GRM Daily
Headie One,Fredo
Headie One,SL
Headie One,Potter Payper
Headie One,MoStack
Headie One,Ambush Buzzworl
Headie One,Unknown T
Headie One,dutchavelli
Headie One,D-Block Europe
Headie One,Yxng Bane
Headie One,Mixtape Madness
Headie One,Abra Cadabra
Headie One,Young T & Bugsey
Soolking,YL
Soolking,MMZ
Soolking,Bramsito
Soolking,Naps
Soolking,Vegedream
Soolking,Scridge
Soolking,Maes
Soolking,Gradur
Soolking,Niska
Soolking,Heuss L'enfoiré
Soolking,L'Algérino
Soolking,Lyna Mahyem
Soolking,Mister You
Soolking,GLK
Soolking,Lartiste
Soolking,Hayce Lemsi
Soolking,Marwa Loud
Soolking,DJ Hamida
Soolking,DJ Kayz
Soolking,Sadek
Tinariwen,Boubacar Traoré
Tinariwen,Ali Farka Touré
Tinariwen,Orchestra Baobab
Tinariwen,Vieux Farka Touré
Tinariwen,Toumani Diabaté
Tinariwen,Cheikh Lô
Tinariwen,Rokia Traoré
Tinariwen,Etran Finatawa
Tinariwen,Amadou & Mariam
Tinariwen,Imarhan
Tinariwen,Terakaft
Tinariwen,Afel Bocoum
Tinariwen,Songhoy Blues
Tinariwen,Bassekou Kouyate
Tinariwen,Tamikrest
Tinariwen,Habib Koité
Tinariwen,Oumou Sangaré
Tinariwen,Ballaké Sissoko
Tinariwen,Salif Keita
Tinariwen,Geoffrey Oryema
GIMS,KeBlack
GIMS,Black M
GIMS,Sexion D'Assaut
GIMS,Alonzo
GIMS,Lefa
GIMS,Rohff
GIMS,Diam's
GIMS,Mister You
GIMS,Soprano
GIMS,Medine
GIMS,Still Fresh
GIMS,L'Algérino
GIMS,Rim'K
GIMS,RIDSA
GIMS,Mac Tyer
GIMS,La Fouine
GIMS,Kery James
GIMS,Sofiane
GIMS,Youssoupha
GIMS,Vitaa
The Weeknd,Frank Ocean
The Weeknd,A$AP Rocky
The Weeknd,PARTYNEXTDOOR
The Weeknd,Childish Gambino
The Weeknd,Miguel
The Weeknd,Kendrick Lamar
The Weeknd,Jeremih
The Weeknd,Big Sean
The Weeknd,Bryson Tiller
The Weeknd,Majid Jordan
The Weeknd,6LACK
The Weeknd,dvsn
The Weeknd,Roy Woods
The Weeknd,"Tyler, The Creator"
The Weeknd,Jhené Aiko
The Weeknd,DJ Khaled
The Weeknd,French Montana
The Weeknd,ScHoolboy Q
The Weeknd,Jaden
The Weeknd,Wale
NTO,Joachim Pastor
NTO,Oliver Schories
NTO,Worakls
NTO,Joris Delacroix
NTO,Solee
NTO,Ron Flatter
NTO,AKA AKA
NTO,Alec Troniq
NTO,Stephan Bodzin
NTO,Extrawelt
NTO,Einmusik
NTO,Nils Hoffmann
NTO,Kölsch
NTO,Jan Blomqvist
NTO,Kollektiv Turmstrasse
NTO,Oliver Koletzki
NTO,Teho
NTO,Andhim
NTO,Rone
NTO,Dusty Kid
Post Malone,Rae Sremmurd
Post Malone,Huncho Jack
Post Malone,Quality Control
Post Malone,Tyla Yaweh
Post Malone,6LACK
Post Malone,Metro Boomin
Post Malone,Migos
Post Malone,NAV
Post Malone,Quavo
Post Malone,Young Thug
Post Malone,A$AP Ferg
Post Malone,Fetty Wap
Post Malone,Desiigner
Post Malone,Bryce Vine
Post Malone,Bazzi
Post Malone,Trippie Redd
Post Malone,Jaden
Post Malone,Big Sean
Post Malone,G-Eazy
Post Malone,French Montana
Dahmane El Harrachi,Cheikha Rimitti
Dahmane El Harrachi,Raïna Raï
Dahmane El Harrachi,Hamid Baroudi
Dahmane El Harrachi,Cheb Mami
Dahmane El Harrachi,Gnawa Diffusion
Dahmane El Harrachi,Cheb Hasni
Dahmane El Harrachi,Cheb Bilal
Dahmane El Harrachi,Idir
Dahmane El Harrachi,Akli D
Dahmane El Harrachi,El Hachemi Guerouabi
Dahmane El Harrachi,Takfarinas
Dahmane El Harrachi,Souad Massi
Dahmane El Harrachi,Sawt El Atlas
Dahmane El Harrachi,Nass El Ghiwane
Dahmane El Harrachi,Rachid Taha
Dahmane El Harrachi,Baaziz
Dahmane El Harrachi,Kamel Messaoudi
Dahmane El Harrachi,Faudel
Dahmane El Harrachi,Mohamed Allaoua
Dahmane El Harrachi,Rabah Asma
Worakls,Joachim Pastor
Worakls,NTO
Worakls,AKA AKA
Worakls,Ron Flatter
Worakls,Solee
Worakls,Joris Delacroix
Worakls,Oliver Schories
Worakls,Nils Hoffmann
Worakls,Teho
Worakls,Jan Blomqvist
Worakls,Alec Troniq
Worakls,Melokind
Worakls,Einmusik
Worakls,Victor Ruiz
Worakls,Andhim
Worakls,Monkey Safari
Worakls,Oliver Koletzki
Worakls,Stereoclip
Worakls,Kölsch
Worakls,Rone
Bad Bunny,Lunay
Bad Bunny,Nio Garcia
Bad Bunny,Mau y Ricky
Bad Bunny,Anuel AA
Bad Bunny,KAROL G
Bad Bunny,Chris Jedi
Bad Bunny,Ozuna
Bad Bunny,Brytiago
Bad Bunny,Bryant Myers
Bad Bunny,Rauw Alejandro
Bad Bunny,Myke Towers
Bad Bunny,Tainy
Bad Bunny,Rvssian
Bad Bunny,Miky Woodz
Bad Bunny,Lary Over
Bad Bunny,Danny Ocean
Bad Bunny,Alex Rose
Bad Bunny,Jon Z
Bad Bunny,Kevin Roldan
Bad Bunny,El Alfa
Migos,Lil Keed
Migos,Lil Yachty
Migos,YG
Migos,Rae Sremmurd
Migos,Huncho Jack
Migos,Quality Control
Migos,88GLAM
Migos,Lil Uzi Vert
Migos,Young Thug
Migos,Metro Boomin
Migos,21 Savage
Migos,Mike WiLL Made-It
Migos,A$AP Ferg
Migos,Kodak Black
Migos,Takeoff
Migos,NAV
Migos,Bobby Shmurda
Migos,Desiigner
Migos,Quavo
Migos,Lil Baby
Khaled,Cheb Mami
Khaled,Rachid Taha
Khaled,Faudel
Khaled,Cheb Hasni
Khaled,Cheb Bilal
Khaled,Nass El Ghiwane
Khaled,Reda Taliani
Khaled,Cheb Houssem
Khaled,Don Bigg
Khaled,DJ Hamida
Khaled,Zouhair Bahaoui
Khaled,Labess
Khaled,Gnawa Diffusion
Khaled,Dahmane El Harrachi
Khaled,Kader Japonais
Khaled,Tiiwtiiw
Khaled,Zahouania
Khaled,Raïna Raï
Khaled,Cheb Akil
Khaled,Cheb Bello
XXXTENTACION,Smokepurpp
XXXTENTACION,Comethazine
XXXTENTACION,Cooliecut
XXXTENTACION,Lil Pump
XXXTENTACION,DJ Scheme
XXXTENTACION,YBN Nahmir
XXXTENTACION,Ugly God
XXXTENTACION,Trippie Redd
XXXTENTACION,Juice WRLD
XXXTENTACION,Craig Xen
XXXTENTACION,Lil Yachty
XXXTENTACION,Joey Trap
XXXTENTACION,Lil Tracy
XXXTENTACION,Famous Dex
XXXTENTACION,$NOT
XXXTENTACION,Lil Mosey
XXXTENTACION,Lil Uzi Vert
XXXTENTACION,iann dior
XXXTENTACION,Ski Mask The Slump God
XXXTENTACION,Blueface
D33pSoul,Mr. ID
D33pSoul,Mr Oasis
D33pSoul,Habib Belk
D33pSoul,Recham
D33pSoul,Soul A
D33pSoul,Zaynab
D33pSoul,Maestro
D33pSoul,Hoba Hoba Spirit
D33pSoul,TEHRACH
D33pSoul,Cheb
D33pSoul,Mehdi Mozayine
D33pSoul,Dj Medi
D33pSoul,Nabyla Maan
D33pSoul,Cravata
D33pSoul,Soufiane Az
D33pSoul,Oum
D33pSoul,Tawsen
D33pSoul,Don Bigg
D33pSoul,Hatim Ammor
D33pSoul,Maria Nadim
L'Algérino,Mister You
L'Algérino,Kamelancien
L'Algérino,Psy 4 De La Rime
L'Algérino,Alonzo
L'Algérino,Rim'K
L'Algérino,Rohff
L'Algérino,Sefyu
L'Algérino,Mac Tyer
L'Algérino,Sinik
L'Algérino,Lim
L'Algérino,Kenza Farah
L'Algérino,El Matador
L'Algérino,Soprano
L'Algérino,La Fouine
L'Algérino,Salif
L'Algérino,Medine
L'Algérino,Kery James
L'Algérino,SNIPER
L'Algérino,Nessbeal
Majid Bekkas,Hassan Hakmoun
Majid Bekkas,Malouma
Majid Bekkas,Hasna el Becharia
Majid Bekkas,Hamid El Kasri
Majid Bekkas,Maalem Said Damir & Gnawa Allstars
Majid Bekkas,Aziza Brahim
Majid Bekkas,Jil Jilala
Majid Bekkas,Boubacar Traoré
Majid Bekkas,Nass El Ghiwane
Majid Bekkas,Gnawa Diffusion
Majid Bekkas,Lobi Traoré
Majid Bekkas,Djelimady Tounkara
Majid Bekkas,Simo Lagnawi
Majid Bekkas,Hamza El Din
Majid Bekkas,Afel Bocoum
Majid Bekkas,Aziz Sahmaoui
Majid Bekkas,Hamid El Gnawi
Majid Bekkas,Mariem Hassan
Majid Bekkas,Bassekou Kouyate
Majid Bekkas,Altaf Gnawa Group
Magic System,Fally Ipupa
Magic System,Diam's
Magic System,Fatal Bazooka
Magic System,Zaho
Magic System,Meiway
Magic System,Colonel Reyel
Magic System,Collectif Métissé
Magic System,Keen' V
Magic System,Singuila
Magic System,Logobi GT
Magic System,Sexion D'Assaut
Magic System,Francky Vincent
Magic System,DJ Arafat
Magic System,Koffi Olomide
Magic System,Soprano
Magic System,Espoir 2000
Magic System,Tragédie
Magic System,RIDSA
Magic System,Kenza Farah
Magic System,L'Algérino
Ashkidd,S-Crew
Ashkidd,Aladin 135
Ashkidd,L'entourage
Ashkidd,A2h
Ashkidd,2zer
Ashkidd,Senamo
Ashkidd,Luidji
Ashkidd,USKY
Ashkidd,Ikaz Boi
Ashkidd,Le Dé
Ashkidd,Georgio
Ashkidd,Népal
Ashkidd,Nemir
Ashkidd,Gros Mo
Ashkidd,Smeels
Ashkidd,Jazzy Bazz
Ashkidd,Sopico
Ashkidd,Squidji
Ashkidd,Sneazzy
Ashkidd,YG Pablo
will.i.am,Far East Movement
will.i.am,Taio Cruz
will.i.am,Nicole Scherzinger
will.i.am,Timbaland
will.i.am,LMFAO
will.i.am,Fergie
will.i.am,Madcon
will.i.am,Flo Rida
will.i.am,Tinie Tempah
will.i.am,Cheryl
will.i.am,The Saturdays
will.i.am,Iggy Azalea
will.i.am,JLS
will.i.am,The Wanted
will.i.am,Martin Solveig
will.i.am,The Pussycat Dolls
will.i.am,Tinchy Stryder
will.i.am,Black Eyed Peas
will.i.am,Kat Deluna
will.i.am,Girls Aloud
Orelsan,Disiz La Peste
Orelsan,Youssoupha
Orelsan,Suprême NTM
Orelsan,Kery James
Orelsan,Iam
Orelsan,Doc Gyneco
Orelsan,Oxmo Puccino
Orelsan,Sinik
Orelsan,Akhenaton
Orelsan,SNIPER
Orelsan,Fonky Family
Orelsan,Fatal Bazooka
Orelsan,Casseurs Flowters
Orelsan,Medine
Orelsan,Diam's
Orelsan,Bigflo & Oli
Orelsan,Psy 4 De La Rime
Orelsan,Seth Gueko
Orelsan,Lunatic
Metro Boomin,Quavo
Metro Boomin,Don Toliver
Metro Boomin,Turbo
Metro Boomin,Takeoff
Metro Boomin,Sheck Wes
Metro Boomin,Huncho Jack
Metro Boomin,NAV
Metro Boomin,21 Savage
Metro Boomin,Gunna
Metro Boomin,Lil Keed
Metro Boomin,Young Thug
Metro Boomin,Young Nudy
Metro Boomin,SahBabii
Metro Boomin,Kodak Black
Metro Boomin,88GLAM
Metro Boomin,Lil Uzi Vert
Metro Boomin,Lil Yachty
Metro Boomin,Playboi Carti
Metro Boomin,Migos
Metro Boomin,Lil Baby
Gnawa Diffusion,Orchestre National De Barbes
Gnawa Diffusion,Dahmane El Harrachi
Gnawa Diffusion,Hoba Hoba Spirit
Gnawa Diffusion,Cheikha Rimitti
Gnawa Diffusion,Idir
Gnawa Diffusion,Nass El Ghiwane
Gnawa Diffusion,Rachid Taha
Gnawa Diffusion,Souad Massi
Gnawa Diffusion,Cheb Mami
Gnawa Diffusion,Djmawi Africa
Gnawa Diffusion,Cheb Hasni
Gnawa Diffusion,Akli D
Gnawa Diffusion,Raïna Raï
Gnawa Diffusion,Maalem Said Damir & Gnawa Allstars
Gnawa Diffusion,Faudel
Gnawa Diffusion,Cheb Bilal
Gnawa Diffusion,Hasna el Becharia
Gnawa Diffusion,Hamid El Kasri
Gnawa Diffusion,Jil Jilala
Gnawa Diffusion,El Hachemi Guerouabi
Kamel Messaoudi,Rabah Asma
Kamel Messaoudi,Houari Dauphin
Kamel Messaoudi,Aït Menguellet
Kamel Messaoudi,Amar Ezzahi
Kamel Messaoudi,Takfarinas
Kamel Messaoudi,Cheb Nasro
Kamel Messaoudi,Baaziz
Kamel Messaoudi,Zahouania
Kamel Messaoudi,Nabyla Maan
Kamel Messaoudi,Reda Taliani
Kamel Messaoudi,Mohamed Lamine
Kamel Messaoudi,Matoub Lounès
Kamel Messaoudi,Chérifa
Kamel Messaoudi,Lounès Matoub
Kamel Messaoudi,Nasro
Kamel Messaoudi,El Hachemi Guerouabi
Kamel Messaoudi,Slimane Azem
Kamel Messaoudi,Houari Benchenet
Kamel Messaoudi,Mohamed Allaoua
Kamel Messaoudi,Raïna Raï
Habib Belk,Hamid El Kasri
Habib Belk,D33pSoul
Habib Belk,Dub Afrika
Habib Belk,Mr. ID
Habib Belk,Ahmed Soultan
Habib Belk,Nabyla Maan
Habib Belk,Zakaria Ghafouli
Habib Belk,Mehdi Mozayine
Habib Belk,Maestro
Habib Belk,Cravata
Habib Belk,Cameleon
Habib Belk,Fnaire
Habib Belk,Fehd Benchemsi
Habib Belk,Nass El Ghiwane
Habib Belk,Cheb
Habib Belk,Oum
Habib Belk,Hatim Ammor
Habib Belk,Tawsen
Habib Belk,Don Bigg
Habib Belk,Hoba Hoba Spirit
C. Tangana,Agorazein
C. Tangana,Costa
C. Tangana,CeErre
C. Tangana,Suite Soprano
C. Tangana,Jerv.AGZ
C. Tangana,Los Chikos del Maiz
C. Tangana,Nethone
C. Tangana,Manu Beats
C. Tangana,Charly Efe
C. Tangana,Juancho Marqués
C. Tangana,Recycled J
C. Tangana,Kase.O
C. Tangana,Carmona
C. Tangana,Acqua Toffana
C. Tangana,Lágrimas De Sangre
C. Tangana,Black Caesar
C. Tangana,Arufe
C. Tangana,Kael Toffana
C. Tangana,Rase
C. Tangana,DELLAFUENTE
Drake,Big Sean
Drake,J. Cole
Drake,Wale
Drake,Jeremih
Drake,Meek Mill
Drake,Rick Ross
Drake,DJ Khaled
Drake,2 Chainz
Drake,PARTYNEXTDOOR
Drake,French Montana
Drake,Tory Lanez
Drake,Bryson Tiller
Drake,Young Thug
Drake,Tyga
Drake,Ty Dolla $ign
Drake,Lil Wayne
Drake,Metro Boomin
Drake,Kendrick Lamar
Drake,Miguel
Drake,6LACK
PNL,Moha La Squale
PNL,Hamza
PNL,Maes
PNL,Laylow
PNL,13 Block
PNL,GLK
PNL,Jok'air
PNL,Siboy
PNL,Kalash Criminel
PNL,Kekra
PNL,DTF
PNL,Hornet La Frappe
PNL,PRIME
PNL,Heuss L'enfoiré
PNL,Dinos
PNL,Niska
PNL,Zola
PNL,Josman
PNL,Ninho
PNL,Gradur
Soolking,YL
Soolking,MMZ
Soolking,Bramsito
Soolking,Naps
Soolking,Vegedream
Soolking,Scridge
Soolking,Maes
Soolking,Gradur
Soolking,Niska
Soolking,Heuss L'enfoiré
Soolking,L'Algérino
Soolking,Lyna Mahyem
Soolking,Mister You
Soolking,GLK
Soolking,Lartiste
Soolking,Hayce Lemsi
Soolking,Marwa Loud
Soolking,DJ Hamida
Soolking,DJ Kayz
Soolking,Sadek
Ashkidd,S-Crew
Ashkidd,Aladin 135
Ashkidd,L'entourage
Ashkidd,A2h
Ashkidd,2zer
Ashkidd,Senamo
Ashkidd,Luidji
Ashkidd,USKY
Ashkidd,Ikaz Boi
Ashkidd,Le Dé
Ashkidd,Georgio
Ashkidd,Népal
Ashkidd,Nemir
Ashkidd,Gros Mo
Ashkidd,Smeels
Ashkidd,Jazzy Bazz
Ashkidd,Sopico
Ashkidd,Squidji
Ashkidd,Sneazzy
Ashkidd,YG Pablo
Travis Scott,A$AP Rocky
Travis Scott,Chief Keef
Travis Scott,KIDS SEE GHOSTS
Travis Scott,Joey Bada$$
Travis Scott,A$AP Ferg
Travis Scott,Playboi Carti
Travis Scott,Pusha T
Travis Scott,Huncho Jack
Travis Scott,Kendrick Lamar
Travis Scott,A$AP Mob
Travis Scott,Metro Boomin
Travis Scott,Meek Mill
Travis Scott,Chance the Rapper
Travis Scott,Migos
Travis Scott,Lil Uzi Vert
Travis Scott,ScHoolboy Q
Travis Scott,Kodak Black
Travis Scott,Quavo
Travis Scott,Childish Gambino
Travis Scott,Flatbush Zombies
Damso,13 Block
Damso,Kekra
Damso,Kalash Criminel
Damso,Laylow
Damso,Gradur
Damso,Hamza
Damso,Jok'air
Damso,PRIME
Damso,Josman
Damso,Sneazzy
Damso,Alpha Wann
Damso,Lefa
Damso,Lorenzo
Damso,Luidji
Damso,S.Pri Noir
Damso,Nekfeu
Damso,Mister V
Damso,Siboy
Damso,Vald
Damso,Ateyaba
Dahmane El Harrachi,Cheikha Rimitti
Dahmane El Harrachi,Raïna Raï
Dahmane El Harrachi,Hamid Baroudi
Dahmane El Harrachi,Cheb Mami
Dahmane El Harrachi,Gnawa Diffusion
Dahmane El Harrachi,Cheb Hasni
Dahmane El Harrachi,Cheb Bilal
Dahmane El Harrachi,Idir
Dahmane El Harrachi,Akli D
Dahmane El Harrachi,El Hachemi Guerouabi
Dahmane El Harrachi,Takfarinas
Dahmane El Harrachi,Souad Massi
Dahmane El Harrachi,Sawt El Atlas
Dahmane El Harrachi,Nass El Ghiwane
Dahmane El Harrachi,Rachid Taha
Dahmane El Harrachi,Baaziz
Dahmane El Harrachi,Kamel Messaoudi
Dahmane El Harrachi,Faudel
Dahmane El Harrachi,Mohamed Allaoua
Dahmane El Harrachi,Rabah Asma
The Weeknd,Frank Ocean
The Weeknd,A$AP Rocky
The Weeknd,PARTYNEXTDOOR
The Weeknd,Childish Gambino
The Weeknd,Miguel
The Weeknd,Kendrick Lamar
The Weeknd,Jeremih
The Weeknd,Big Sean
The Weeknd,Bryson Tiller
The Weeknd,Majid Jordan
The Weeknd,6LACK
The Weeknd,dvsn
The Weeknd,Roy Woods
The Weeknd,"Tyler, The Creator"
The Weeknd,Jhené Aiko
The Weeknd,DJ Khaled
The Weeknd,French Montana
The Weeknd,ScHoolboy Q
The Weeknd,Jaden
The Weeknd,Wale
Rone,Agoria
Rone,Max Cooper
Rone,Dominik Eulberg
Rone,Joris Delacroix
Rone,Nathan Fake
Rone,Weval
Rone,Extrawelt
Rone,Arnaud Rebotini
Rone,Moderat
Rone,Pantha Du Prince
Rone,Teho
Rone,Apparat
Rone,NTO
Rone,Chapelier Fou
Rone,Vitalic
Rone,Sébastien Tellier
Rone,Christian Löffler
Rone,trentemøller
Rone,Kollektiv Turmstrasse
Rone,Isaac Delusion
Worakls,Joachim Pastor
Worakls,NTO
Worakls,AKA AKA
Worakls,Ron Flatter
Worakls,Solee
Worakls,Joris Delacroix
Worakls,Oliver Schories
Worakls,Nils Hoffmann
Worakls,Teho
Worakls,Jan Blomqvist
Worakls,Alec Troniq
Worakls,Melokind
Worakls,Einmusik
Worakls,Victor Ruiz
Worakls,Andhim
Worakls,Monkey Safari
Worakls,Oliver Koletzki
Worakls,Stereoclip
Worakls,Kölsch
Worakls,Rone
will.i.am,Far East Movement
will.i.am,Taio Cruz
will.i.am,Nicole Scherzinger
will.i.am,Timbaland
will.i.am,LMFAO
will.i.am,Fergie
will.i.am,Madcon
will.i.am,Flo Rida
will.i.am,Tinie Tempah
will.i.am,Cheryl
will.i.am,The Saturdays
will.i.am,Iggy Azalea
will.i.am,JLS
will.i.am,The Wanted
will.i.am,Martin Solveig
will.i.am,The Pussycat Dolls
will.i.am,Tinchy Stryder
will.i.am,Black Eyed Peas
will.i.am,Kat Deluna
will.i.am,Girls Aloud
NTO,Joachim Pastor
NTO,Oliver Schories
NTO,Worakls
NTO,Joris Delacroix
NTO,Solee
NTO,Ron Flatter
NTO,AKA AKA
NTO,Alec Troniq
NTO,Stephan Bodzin
NTO,Extrawelt
NTO,Einmusik
NTO,Nils Hoffmann
NTO,Kölsch
NTO,Jan Blomqvist
NTO,Kollektiv Turmstrasse
NTO,Oliver Koletzki
NTO,Teho
NTO,Andhim
NTO,Rone
NTO,Dusty Kid
Tinariwen,Boubacar Traoré
Tinariwen,Ali Farka Touré
Tinariwen,Orchestra Baobab
Tinariwen,Vieux Farka Touré
Tinariwen,Toumani Diabaté
Tinariwen,Cheikh Lô
Tinariwen,Rokia Traoré
Tinariwen,Etran Finatawa
Tinariwen,Amadou & Mariam
Tinariwen,Imarhan
Tinariwen,Terakaft
Tinariwen,Afel Bocoum
Tinariwen,Songhoy Blues
Tinariwen,Bassekou Kouyate
Tinariwen,Tamikrest
Tinariwen,Habib Koité
Tinariwen,Oumou Sangaré
Tinariwen,Ballaké Sissoko
Tinariwen,Salif Keita
Tinariwen,Geoffrey Oryema
Childish Gambino,"Tyler, The Creator"
Childish Gambino,Frank Ocean
Childish Gambino,Earl Sweatshirt
Childish Gambino,Pusha T
Childish Gambino,KIDS SEE GHOSTS
Childish Gambino,Vince Staples
Childish Gambino,A$AP Rocky
Childish Gambino,Mac Miller
Childish Gambino,Kendrick Lamar
Childish Gambino,Spillage Village
Childish Gambino,Chance the Rapper
Childish Gambino,Joey Bada$$
Childish Gambino,Lupe Fiasco
Childish Gambino,Odd Future
Childish Gambino,Steve Lacy
Childish Gambino,Isaiah Rashad
Childish Gambino,ScHoolboy Q
Childish Gambino,N.E.R.D
Childish Gambino,Theophilus London
Childish Gambino,BROCKHAMPTON
Headie One,Nines
Headie One,Loski
Headie One,Rv
Headie One,K-Trap
Headie One,Tion Wayne
Headie One,Hardy Caprio
Headie One,JAY1
Headie One,GRM Daily
Headie One,Fredo
Headie One,SL
Headie One,Potter Payper
Headie One,MoStack
Headie One,Ambush Buzzworl
Headie One,Unknown T
Headie One,dutchavelli
Headie One,D-Block Europe
Headie One,Yxng Bane
Headie One,Mixtape Madness
Headie One,Abra Cadabra
Headie One,Young T & Bugsey
GIMS,KeBlack
GIMS,Black M
GIMS,Sexion D'Assaut
GIMS,Alonzo
GIMS,Lefa
GIMS,Rohff
GIMS,Diam's
GIMS,Mister You
GIMS,Soprano
GIMS,Medine
GIMS,Still Fresh
GIMS,L'Algérino
GIMS,Rim'K
GIMS,RIDSA
GIMS,Mac Tyer
GIMS,La Fouine
GIMS,Kery James
GIMS,Sofiane
GIMS,Youssoupha
GIMS,Vitaa
Moha La Squale,PRIME
Moha La Squale,Hornet La Frappe
Moha La Squale,GLK
Moha La Squale,Kpoint
Moha La Squale,Niska
Moha La Squale,Siboy
Moha La Squale,Gradur
Moha La Squale,Kalash Criminel
Moha La Squale,PNL
Moha La Squale,Landy
Moha La Squale,Maes
Moha La Squale,Jok'air
Moha La Squale,Ninho
Moha La Squale,YL
Moha La Squale,Lorenzo
Moha La Squale,Hamza
Moha La Squale,Hayce Lemsi
Moha La Squale,13 Block
Moha La Squale,Hooss
Moha La Squale,Timal
Cheb Hasni,Cheb Bilal
Cheb Hasni,Raïna Raï
Cheb Hasni,Cheb Mami
Cheb Hasni,Cheikha Rimitti
Cheb Hasni,Reda Taliani
Cheb Hasni,Cheb Nasro
Cheb Hasni,Mohamed Lamine
Cheb Hasni,Dahmane El Harrachi
Cheb Hasni,Cheb Mimoun El Oujdi
Cheb Hasni,Faudel
Cheb Hasni,Nass El Ghiwane
Cheb Hasni,Houari Dauphin
Cheb Hasni,Cheb Azzedine
Cheb Hasni,Zahouania
Cheb Hasni,Douzi
Cheb Hasni,Sawt El Atlas
Cheb Hasni,Takfarinas
Cheb Hasni,Matoub Lounès
Cheb Hasni,Cheb Amrou
Cheb Hasni,Kamel Messaoudi
Ibrahim Maalouf,Dhafer Youssef
Ibrahim Maalouf,Anouar Brahem
Ibrahim Maalouf,Erik Truffaz
Ibrahim Maalouf,Paolo Fresu
Ibrahim Maalouf,Avishai Cohen
Ibrahim Maalouf,No Blues
Ibrahim Maalouf,Lars Danielsson
Ibrahim Maalouf,Airelle Besson
Ibrahim Maalouf,Henri Texier
Ibrahim Maalouf,Le Trio Joubran
Ibrahim Maalouf,Souad Massi
Ibrahim Maalouf,Arthur H
Ibrahim Maalouf,Moriarty
Ibrahim Maalouf,-M-
Ibrahim Maalouf,Renaud Garcia-Fons
Ibrahim Maalouf,Yom
Ibrahim Maalouf,Hindi Zahra
Ibrahim Maalouf,Roseaux
Ibrahim Maalouf,Bachar Mar-Khalifé
Ibrahim Maalouf,Pauline Croze
Vincent Peirani,Zeljko Brkanovic
Vincent Peirani,Dorothy Gow
Vincent Peirani,Eurico Carrapatoso
Vincent Peirani,Arild Sandvold
Vincent Peirani,Gerald Cohen
Vincent Peirani,Drew Schnurr
Vincent Peirani,Olav Anton Thommessen
Vincent Peirani,Simon Cheney
Vincent Peirani,Elin Manerhan Thomas
Vincent Peirani,Ulf Wakenius
Vincent Peirani,Ensemble Hyperion
Vincent Peirani,Trio Contrechamps
Vincent Peirani,Solisti del MusicaTeatroEnsemble
Vincent Peirani,Willy Burkhard
Vincent Peirani,Anne Paceo
Vincent Peirani,Emile Parisien
Vincent Peirani,Joachim Kühn
Vincent Peirani,Wolfgang Haffner
Vincent Peirani,Michael Wollny
Vincent Peirani,The Angell Trio
Mwuana,Erik Lundin
Mwuana,Parham
Mwuana,Denz
Mwuana,Michel Dida
Mwuana,Leslie Tay
Mwuana,Ivory
Mwuana,Herbert Munkhammar
Mwuana,Madi Banja
Mwuana,Jaqe
Mwuana,Lorentz
Mwuana,BENNETT
Mwuana,Yung Titties
Mwuana,Ikhana
Mwuana,Ung $habba
Mwuana,Maxida Märak
Mwuana,Sakarias
Mwuana,ODZ
Mwuana,Conakry
Mwuana,BENNETT
Mwuana,Frej Larsson
Metro Boomin,Quavo
Metro Boomin,Don Toliver
Metro Boomin,Turbo
Metro Boomin,Takeoff
Metro Boomin,Sheck Wes
Metro Boomin,Huncho Jack
Metro Boomin,NAV
Metro Boomin,21 Savage
Metro Boomin,Gunna
Metro Boomin,Lil Keed
Metro Boomin,Young Thug
Metro Boomin,Young Nudy
Metro Boomin,SahBabii
Metro Boomin,Kodak Black
Metro Boomin,88GLAM
Metro Boomin,Lil Uzi Vert
Metro Boomin,Lil Yachty
Metro Boomin,Playboi Carti
Metro Boomin,Migos
Metro Boomin,Lil Baby
XXXTENTACION,Smokepurpp
XXXTENTACION,Comethazine
XXXTENTACION,Cooliecut
XXXTENTACION,Lil Pump
XXXTENTACION,DJ Scheme
XXXTENTACION,YBN Nahmir
XXXTENTACION,Ugly God
XXXTENTACION,Trippie Redd
XXXTENTACION,Juice WRLD
XXXTENTACION,Craig Xen
XXXTENTACION,Lil Yachty
XXXTENTACION,Joey Trap
XXXTENTACION,Lil Tracy
XXXTENTACION,Famous Dex
XXXTENTACION,$NOT
XXXTENTACION,Lil Mosey
XXXTENTACION,Lil Uzi Vert
XXXTENTACION,iann dior
XXXTENTACION,Ski Mask The Slump God
XXXTENTACION,Blueface
Post Malone,Rae Sremmurd
Post Malone,Huncho Jack
Post Malone,Quality Control
Post Malone,Tyla Yaweh
Post Malone,6LACK
Post Malone,Metro Boomin
Post Malone,Migos
Post Malone,NAV
Post Malone,Quavo
Post Malone,Young Thug
Post Malone,A$AP Ferg
Post Malone,Fetty Wap
Post Malone,Desiigner
Post Malone,Bryce Vine
Post Malone,Bazzi
Post Malone,Trippie Redd
Post Malone,Jaden
Post Malone,Big Sean
Post Malone,G-Eazy
Post Malone,French Montana
Charles Aznavour,Serge Reggiani
Charles Aznavour,Gilbert Bécaud
Charles Aznavour,Alain Barrière
Charles Aznavour,Jean Ferrat
Charles Aznavour,Julien Clerc
Charles Aznavour,Serge Lama
Charles Aznavour,Michel Delpech
Charles Aznavour,Joe Dassin
Charles Aznavour,Yves Montand
Charles Aznavour,Jacques Brel
Charles Aznavour,Georges Moustaki
Charles Aznavour,Eddy Mitchell
Charles Aznavour,Dalida
Charles Aznavour,Charles Trenet
Charles Aznavour,Barbara
Charles Aznavour,Claude François
Charles Aznavour,Hervé Vilard
Charles Aznavour,Daniel Guichard
Charles Aznavour,Henri Salvador
Charles Aznavour,Christophe
Mammal Hands,Ambient Jazz Ensemble
Mammal Hands,GoGo Penguin
Mammal Hands,Fazer
Mammal Hands,Yussef Kamaal
Mammal Hands,Shabaka and the Ancestors
Mammal Hands,Alfa Mist
Mammal Hands,Robohands
Mammal Hands,The Comet Is Coming
Mammal Hands,Ashley Henry
Mammal Hands,Ezra Collective
Mammal Hands,Matthew Halsall
Mammal Hands,Kamaal Williams
Mammal Hands,Slowly Rolling Camera
Mammal Hands,Leifur James
Mammal Hands,Neil Cowley Trio
Mammal Hands,Portico Quartet
Mammal Hands,Moses Boyd
Mammal Hands,Bremer/McCoy
Mammal Hands,Lund Quartet
Mammal Hands,Ill Considered
Stromae,Fréro Delavega
Stromae,L.E.J
Stromae,Louane
Stromae,Black M
Stromae,Hoshi
Stromae,Jain
Stromae,Slimane
Stromae,Indila
Stromae,Kendji Girac
Stromae,Eddy de Pretto
Stromae,Claudio Capéo
Stromae,Angèle
Stromae,Vianney
Stromae,Cœur De Pirate
Stromae,Christophe Maé
Stromae,Orelsan
Stromae,Louise Attaque
Stromae,Bigflo & Oli
Stromae,Therapie TAXI
Stromae,Fauve
Kalash,Mac Tyer
Kalash,Dosseh
Kalash,Siboy
Kalash,Benash
Kalash,Kpoint
Kalash,Alkpote
Kalash,X-Man
Kalash,Akro
Kalash,Still Fresh
Kalash,Eska Crew
Kalash,Sofiane
Kalash,Medine
Kalash,La Boussole
Kalash,Youssoupha
Kalash,Stony
Kalash,SAÏK
Kalash,Paille
Kalash,Fanny J
Kalash,Kaf Malbar
Kalash,T Kimp Gee
ROSALÍA,Mala Rodríguez
ROSALÍA,DELLAFUENTE
ROSALÍA,C. Tangana
ROSALÍA,Paloma Mami
ROSALÍA,Ms Nina
ROSALÍA,Bad Gyal
ROSALÍA,Nathy Peluso
ROSALÍA,Tomasa del Real
ROSALÍA,La Zowi
ROSALÍA,Cruz Cafuné
ROSALÍA,Lele Pons
ROSALÍA,Yung Beef
ROSALÍA,Maikel Delacalle
ROSALÍA,Gianluca
ROSALÍA,Lola Indigo
ROSALÍA,Princesa Alba
ROSALÍA,Don Patricio
ROSALÍA,Bea Pelea
ROSALÍA,Chocolate Remix
ROSALÍA,Talisto
